<?xml version="1.0" encoding="UTF-8"?>
<!DOCTYPE plist PUBLIC "-//Apple//DTD PLIST 1.0//EN" "http://www.apple.com/DTDs/PropertyList-1.0.dtd">
<plist version="1.0">
<dict>
	<key>AppID</key>
	<data>
	4HCxF5Q5u6oj3D6IUzal+etErHj8yZymWgud5tmpuh9u+sqdjuYJQAg2jyTzsx5B
	</data>
	<key>ExpID</key>
	<string>51cdd6302093d6dfa46df8c88975efc5
</string>
	<key>JxpID</key>
	<string>410bf37eb392b02cf0aa7924f576ec93
</string>
	<key>expirationMode</key>
	<integer>0</integer>
	<key>expirationTimeInDays</key>
	<integer>14</integer>
	<key>quitOnKeyDowns</key>
	<integer>1</integer>
	<key>quitOnMouseEvents</key>
	<integer>1</integer>
</dict>
</plist>
